-0.10453,-0.0818538,0.090928
-0.196377,-0.0394043,0.0935389
-0.163814,-0.185674,0.100528
-0.215875,-0.189481,0.110109
-0.127255,-0.202843,0.116915
0.128345,-0.243767,0.121014
0.353275,-0.317997,0.125124
1.10257,1.01239,0.122418
0.750865,0.133875,0.131092
0.43398,-0.367937,0.130948
-0.126954,-0.52854,0.125646
-0.232629,-0.746027,0.120923
-0.468816,-0.764599,0.113865
-0.627288,-0.730663,0.110535
-0.715257,-0.676256,0.105732
-0.755019,-0.63316,0.103537
-0.650265,-0.656094,0.102829
-0.269622,-0.854135,0.105433
-0.139145,-0.81676,0.102806
-0.740069,0.592244,0.0993621
-0.477422,-0.558036,0.083814
-0.49191,-1.31978,0.0777567
-0.0955419,-1.47789,0.084966
0.513413,-1.51619,0.100222
0.944918,-1.47722,0.115909
0.580054,-1.42672,0.124755
0.948088,-1.04498,0.13541
1.33231,-0.753766,0.14282
1.65194,-0.408667,0.144319
1.92622,-0.144122,0.143849
2.05951,0.010692,0.142689
0.678756,0.872804,0.110869
-1.24308,0.0361125,-0.514785
-2.01293,-0.0140852,-0.552715
-0.868073,-0.725286,-0.558699
-0.173593,-1.23614,-0.557133
0.158271,-1.29515,-0.555017
0.283901,-1.32593,-0.559032
-0.168498,-1.14329,-0.575163
-0.649074,-0.868921,-0.583241
-0.93018,-0.645049,-0.587256
-0.983533,-0.57727,-0.589141
-0.765663,-0.649232,-0.587304
0.0614986,-0.146571,-0.580072
0.211771,-0.946608,-0.559393
0.243566,-1.37414,-0.547442
0.717357,-1.41679,1.5645
3.75927,-0.772341,1.06878
5.48736,-0.128596,0.308386
-0.0243008,-0.953844,-0.775072
-0.430712,-1.25193,-0.656497
-0.76132,-1.12092,-0.722492
-0.854609,-0.945488,-0.798789
-1.10045,-0.842206,-0.842023
-1.3658,-0.869987,-0.824393
-1.35305,0.520191,-0.56977
-2.09942,-0.45754,-0.62162
-1.08383,-1.45612,-0.550187
-0.908441,-1.8852,-0.520831
-1.217,-1.79354,-0.532912
-1.97684,-1.41274,-0.594995
-0.33068,-1.83334,-0.469217
-0.360487,-1.50233,-0.476144
-1.1542,-1.35291,-0.538697
-2.04958,-0.947875,-0.600934
-2.15758,-0.0699096,-0.574584
1.18246,-1.57491,-0.332369
1.52037,0.202358,-0.40383
2.45185,-0.96994,-0.354212
-2.1365,-3.39581,0.591751
-0.405557,-2.14086,0.893898
6.45551,1.24767,0.741901
10.7959,7.02723,-3.44338
6.77531,3.50214,-4.84521
0.13206,0.723441,-4.55383
-3.90848,-1.27161,-3.59843
-8.10762,-4.39496,-2.97932
-11.8615,-7.48982,-2.80118
-8.77513,-5.1827,-1.33127
0.429772,2.19932,0.421318
8.25701,3.26286,-2.08643
14.4998,6.20777,-5.10808
6.08667,-0.592946,-9.31387
4.41184,-1.29824,-12.9758
-1.64825,0.0815841,-15.7731
-6.97961,-1.63659,-17.3266
-8.23917,-2.38628,-17.197
-7.12,-1.56637,-16.9032
-2.13848,-0.592273,-16.448
1.52749,-1.7151,-16.0373
5.2993,-2.80074,-15.8346
6.85842,-2.80762,-15.7229
-3.46435,1.97843,-15.6922
-1.2952,1.98536,-14.5277
-0.915194,1.92374,-14.5505
-1.06519,1.65383,-14.4394
-1.93717,0.870429,-14.1368
-2.10877,0.736262,-14.0819
-0.449804,1.27817,-14.1687
0.864287,1.81702,-14.4675
2.2675,2.45979,-14.7932
3.40994,2.68221,-15.016
0.534206,0.530964,-14.7737
-2.75739,-0.820447,-14.2037
-2.85192,-1.44924,-14.2856
-0.994697,-2.61239,-14.1844
-0.469844,-2.02375,-14.2546
-0.983072,-0.514738,-14.3705
-0.70185,-0.289888,-14.3284
-0.545956,0.101016,-14.5133
-0.852407,0.529518,-14.5677
-1.28992,0.844901,-14.6116
-1.83567,1.34967,-14.6691
-1.61423,1.49549,-14.6613
-1.42131,1.66562,-14.655
-0.630725,2.39289,-14.7293
-0.42602,1.09704,-14.1256
-0.540371,0.475916,-13.9879
-0.685843,0.0643382,-13.8941
-0.578098,-0.0249256,-13.8711
0.0966367,0.155767,-13.9377
0.200689,0.140395,-13.934
0.123686,0.0951668,-13.9089
0.25001,0.162389,-13.9223
0.333538,0.192146,-13.9259
0.295431,0.163418,-13.9093
0.0139461,-0.00257572,-13.85
-0.718448,0.517555,-13.5884
0.254874,0.8011,-13.6563
-0.0551015,0.316336,-13.585
0.16497,-0.317997,-13.5226
0.541875,-0.906128,-13.4566
0.801033,-1.12708,-13.4268
0.390069,-0.903493,-13.5014
0.239283,-0.848224,-13.5066
0.126849,-0.784653,-13.5136
0.0624617,-0.723914,-13.5105
0.136479,-0.720678,-13.4947
0.286757,-0.751573,-13.4745
-0.462009,0.874059,-13.6719
0.510509,-0.0841023,-13.0471
0.25045,0.010669,-13.004
0.0101552,-0.0555222,-12.9473
-0.276473,-0.177321,-12.8823
-0.385768,-0.184199,-12.8446
-0.425034,-0.208267,-12.8269
-0.582627,-0.270427,-12.7945
-0.758563,-0.379214,-12.7584
-1.26449,-0.705859,-12.664
-1.31491,-0.698148,-12.5943
-1.3286,-0.68956,-12.5636
-0.733723,0.708318,-12.1921
0.0652987,1.05931,-12.3117
-0.271139,0.623553,-12.2773
0.0147265,-0.0105955,-12.2353
0.456401,-0.596636,-12.1827
0.722388,-0.80829,-12.1675
0.299345,-0.591788,-12.2338
0.162814,-0.54609,-12.2405
0.0310248,-0.477521,-12.2538
-0.0726129,-0.399136,-12.2581
0.0911858,-0.579521,-12.2347
0.295159,-0.492307,-12.2144
-0.440368,1.12699,-12.4035
0.541177,0.162757,-11.7835
0.307715,0.273817,-11.7462
0.187879,0.249652,-11.702
-0.0217351,0.174878,-11.6538
0.15547,0.352019,-11.67
0.197317,0.381961,-11.6664
0.0697165,0.359707,-11.6403
0.125326,0.405099,-11.646
0.0226337,0.33041,-11.618
-0.271244,0.150912,-11.559
-0.959756,-0.273705,-11.4328
-0.470759,1.06632,-11.1178
0.321364,1.38553,-11.2205
-0.0704535,0.905294,-11.1672
0.155635,0.240666,-11.1129
0.553024,-0.363081,-11.0534
0.739409,-0.576796,-11.0332
0.254315,-0.36139,-11.1008
0.0999279,-0.31692,-11.1098
-0.0749693,-0.225112,-11.1265
-0.126438,-0.277755,-11.1246
-0.0122908,-0.174866,-11.1083
0.157915,-0.219134,-11.0903
-0.538561,1.42517,-11.2657
0.47333,0.461482,-10.6525
0.287255,0.560243,-10.6133
0.197638,0.531227,-10.5689
-0.00776131,0.443745,-10.5167
0.288588,0.683111,-10.5501
0.386806,0.7351,-10.5541
0.300926,0.731256,-10.534
0.441913,0.829043,-10.5543
0.538213,0.877507,-10.5625
0.541727,0.878709,-10.5553
0.324332,0.747962,-10.5076
-0.520798,1.18776,-10.2482
0.503479,1.45138,-10.244
0.186504,0.981349,-10.1701
0.366316,0.376136,-10.1071
0.639964,-0.166078,-10.0429
0.788026,-0.356737,-10.0228
0.345143,-0.13565,-10.0724
0.229868,-0.0877053,-10.0761
0.091667,-0.0113116,-10.0909
0.0817392,-0.0882501,-10.0869
0.231703,0.00514035,-10.0698
0.384167,-0.0496533,-10.0511
-0.347723,1.61298,-10.2273
0.608776,0.665156,-9.62777
0.408968,0.782233,-9.59235
0.31288,0.759864,-9.54938
0.109592,0.681629,-9.49988
0.453912,0.965299,-9.54587
0.541294,1.01515,-9.54924
0.476867,1.02714,-9.53314
0.67847,1.17059,-9.56544
0.937916,1.32359,-9.60548
1.17835,1.46862,-9.64268
1.33968,1.57205,-9.66584
0.687248,2.10735,-9.39732
0.607916,-0.0764311,-9.97454
0.812795,-0.609761,-9.97215
0.466075,-1.14019,-9.98353
0.718342,-1.75123,-9.9307
0.204667,-1.68081,-9.98733
0.082438,-1.77352,-9.99294
-0.066843,-1.69281,-10.0233
-0.145576,-1.63182,-10.0377
-0.122372,-1.60476,-10.04
0.0112852,-1.63559,-10.0224
0.173122,-1.68184,-10.0024
-0.566323,-0.210649,-10.1924
-0.672713,-1.03117,-9.60757
-0.725992,-1.40799,-9.46477
-0.55044,-1.48676,-9.41666
-0.179041,-1.33209,-9.42285
0.838412,-0.833774,-9.51298
1.08971,-0.739792,-9.50425
1.26616,-0.599197,-9.53491
1.37833,-0.533565,-9.54187
1.5799,-0.382128,-9.56826
1.69478,-0.289712,-9.57914
1.69782,-0.256069,-9.57403
0.502121,-0.232344,-9.24012
-0.660651,-1.32278,-9.35166
-0.42711,-1.11045,-9.44358
0.0352991,-1.50511,-9.48601
0.603204,-1.95042,-9.47053
1.03582,-2.12794,-9.45293
0.352395,-0.475938,-9.67533
0.470506,-0.192063,-9.67101
0.38731,0.0220856,-9.68393
0.373107,0.208932,-9.69496
0.49753,0.291118,-9.6887
0.663067,0.310811,-9.67803
-0.409035,2.01658,-9.85207
-0.83506,0.0304819,-9.12582
-1.91681,-0.829666,-8.9384
-2.26958,-1.31981,-8.80944
-0.883535,-1.27132,-8.5624
-0.0881035,-1.61126,-8.81807
0.048921,-1.65707,-8.9199
0.368267,-1.57675,-8.8247
0.649353,-1.40893,-8.79663
0.979316,-1.24968,-8.79019
1.32324,-1.01752,-8.9358
1.3272,-1.22951,-8.99965
0.641691,-0.648401,-8.5649
1.76907,-0.168092,-8.51144
1.45965,-0.659838,-8.5002
1.73968,-1.26091,-8.44767
2.24524,-1.79151,-8.38525
2.39324,-2.28395,-8.34496
0.168463,-0.250172,-8.6821
-1.06504,0.332335,-8.79283
-2.27755,0.850991,-8.84102
-2.83345,2.01237,-8.8099
-3.1719,2.25535,-8.78558
0.615843,-0.375106,-8.78312
3.05408,-0.790137,-8.38784
2.76882,-1.54588,-8.23752
0.805435,-2.67382,-7.95603
0.0349103,-1.95983,-7.86938
0.0411116,-1.44151,-7.83926
0.487866,-0.660153,-7.86174
0.571511,-0.469285,-7.85845
0.485424,-0.323913,-7.84657
0.544355,-0.163809,-7.85138
0.599191,-0.0353302,-7.85454
0.579594,0.0526747,-7.85001
0.372661,-0.00225991,-7.81156
-0.393838,0.534571,-7.69035
-0.553732,-0.314737,-7.59196
-0.61105,-0.869192,-7.55231
-0.509052,-1.35788,-7.51039
-0.591605,-1.47413,-7.52484
-0.82328,-1.47587,-7.54759
-1.45773,-1.22075,-7.59899
-1.52425,-1.18677,-7.61176
-1.71949,-1.09674,-7.63648
-1.90903,-0.953412,-7.65605
-2.03832,-0.800533,-7.66434
-1.67479,0.0578843,-7.59642
1.51027,-0.0334387,-7.20473
2.01816,-0.10428,-7.18482
0.646346,-0.471649,-7.02324
-0.105205,-0.596868,-6.94593
-0.550353,-0.766438,-6.87331
-1.28883,-1.08875,-6.76501
-0.858262,-0.700847,-6.50747
-0.748156,-0.563389,-6.48977
-0.669177,-0.407361,-6.48982
-0.748876,-0.398735,-6.56269
-0.769016,-0.394529,-6.54823
-0.745641,-0.342399,-6.62453
-0.295564,0.933622,-6.26845
-0.443238,-0.135441,-6.22846
-0.426301,-0.772472,-6.22331
-0.649623,-1.0437,-6.24564
-0.490986,-1.35064,-6.23851
-0.633493,-1.46703,-6.26662
-1.30626,-1.15638,-6.3306
-1.4642,-1.06592,-6.35966
-1.84582,-0.84459,-6.4116
-2.33864,-0.528079,-6.47016
-2.33741,0.623937,-6.42703
0.685247,-0.722501,-6.18194
2.73659,-0.50169,-6.3667
2.9139,-0.285006,-6.37702
1.24361,-0.438194,-6.18054
0.160355,-0.615304,-6.04977
-0.502053,-0.805105,-5.94589
-1.19166,-0.931723,-5.85023
-0.766098,-0.505543,-5.65277
-0.643496,-0.351513,-5.63755
-0.527822,-0.158245,-5.64293
-0.518226,-0.0599636,-5.71394
-0.400011,0.0505488,-5.7886
-0.728662,-0.163453,-5.76904
-0.265921,1.18852,-5.40607
-0.392299,0.127065,-5.38153
-0.401843,-0.31896,-5.37542
-0.323076,-0.794082,-5.35808
-0.388369,-1.08257,-5.37146
-0.575495,-1.02971,-5.40264
-1.16872,-0.745468,-5.46625
-1.24376,-0.716679,-5.48287
-1.43252,-0.624637,-5.51264
-1.61821,-0.497684,-5.53376
-1.73622,-0.362589,-5.54211
-1.75831,0.168611,-5.52699
-1.05289,0.788902,-5.59884
-1.13555,0.0269939,-5.35544
-1.16597,-0.133736,-5.23789
-0.757562,-0.0428256,-5.22129
-0.253227,0.236947,-5.25128
-0.251396,0.123992,-5.19466
-0.24006,0.112409,-5.17703
-0.315018,0.113945,-5.15421
-0.190649,0.21312,-5.16373
-0.197035,0.213378,-5.14988
-0.343116,0.147292,-5.11843
0.71732,1.56014,-5.15383
-3.45037,0.138336,-7.12561
-4.10641,1.10484,-7.79038
-4.05166,1.34794,-7.89811
-0.342175,1.77168,-8.04645
1.93743,0.384955,-8.0566
4.36557,-0.581887,-8.06967
5.24108,-1.42554,-8.08509
0.816472,-1.33932,-9.28595
-0.948639,0.00811492,-9.50521
-2.87841,0.700578,-9.58941
-4.32844,1.9023,-9.61424
-4.50676,3.3507,-9.53472
0.625433,1.03974,-9.54633
3.45161,-1.43323,-9.32508
2.3948,-2.03675,-9.16731
1.70373,-1.20152,-8.87544
1.20306,-1.61217,-8.90489
1.80975,-1.28922,-8.78861
1.83214,-1.34848,-8.82742
2.40991,-0.814285,-8.91621
1.74968,-0.520317,-8.92988
1.37414,-0.305958,-8.93777
0.932983,-0.39907,-8.91907
0.528156,-0.508264,-8.85815
0.906649,0.918143,-8.74385
0.0380475,-0.20966,-8.69458
-0.781506,-0.806658,-8.70395
-1.6504,-0.867988,-8.73379
-1.83439,-1.17103,-8.73891
-1.77083,-1.36861,-8.74131
-1.96309,-1.41505,-8.74651
-2.2282,-1.30407,-8.77321
-2.28738,-0.656042,-8.75963
-2.17345,0.538142,-8.70329
0.186033,-0.16485,-8.59232
2.61205,-1.08711,-8.46528
4.10644,-1.00634,-8.47571
1.13144,-0.881968,-8.4845
-0.156213,-1.60065,-8.40494
-0.848333,-1.82371,-8.37884
-0.792195,-1.63697,-8.33804
-0.243906,-1.26752,-8.2822
-0.475208,-1.40126,-8.29872
-0.251972,-0.904528,-8.3319
0.207499,-0.559101,-8.39407
0.674308,-0.237686,-8.44797
1.07201,0.13714,-8.49209
1.14368,0.172759,-8.50315
-2.8469,-1.39534,-11.2315
-4.32095,-1.1739,-12.0291
-8.87218,2.31212,-11.82
-11.5782,4.80429,-9.57718
-6.93742,-0.0892325,-6.94055
1.04386,-0.625485,-7.92804
9.78461,-1.69693,-10.1201
12.0774,-2.92012,-11.1654
11.6728,-4.05734,-12.2357
5.98761,-1.35734,-14.2799
-4.52409,-0.00408764,-16.249
-9.93561,2.80106,-15.8516
-3.70236,-0.933858,-16.3163
-5.27219,0.374037,-16.5002
-4.36968,-1.04302,-15.6171
0.470803,-1.94119,-14.5518
2.50968,-0.998411,-13.9505
5.16441,0.481867,-13.384
0.441615,-0.482333,-13.4401
0.1973,-0.69236,-13.3751
0.0614983,-0.5255,-13.3601
0.030879,-0.380023,-13.3636
-0.234238,-0.531296,-13.3981
-0.305631,-0.464382,-13.4088
0.343678,0.892522,-13.4213
-0.0391763,-0.137701,-13.4944
-0.2228,-0.760632,-13.5302
-0.761813,-0.92834,-13.5467
-1.42412,-0.827048,-13.5527
-1.47344,-0.881918,-13.5659
0.0747807,-1.30869,-13.598
-0.360502,-1.12523,-13.5985
-1.19845,-0.781591,-13.5871
-2.15406,-0.316148,-13.5677
-2.40539,0.520578,-13.5335
0.724688,-0.350698,-13.6643
2.94452,-0.0322146,-14.1343
4.54879,0.0251583,-14.5543
2.18177,1.37599,-14.5172
-8.13242,2.29705,-14.3341
-4.66043,-0.363688,-9.89624
-4.48914,-2.73571,-7.16921
1.5635,-0.932676,-6.49601
5.14212,1.27154,-6.60009
5.39464,0.988621,-7.0613
2.49831,0.339727,-7.28615
0.11483,0.366208,-7.71433
-2.22494,-0.00265278,-8.02975
-3.75019,0.13541,-8.17909
-3.21807,0.506509,-8.25709
-0.672456,0.15816,-8.55236
0.752384,-0.0492715,-8.67877
1.77472,-0.298036,-8.78599
2.63775,-0.514409,-8.86942
2.67679,-0.767248,-8.83121
0.390564,-0.219514,-8.69308
-1.83027,0.699058,-8.47302
-4.27524,1.72061,-8.21727
-3.04428,1.85653,-8.29392
-1.69608,2.63818,-8.38337
8.01907,-1.93665,-4.28128
4.56312,-3.88396,-3.42009
0.300716,-1.8247,-3.84012
-1.4274,-1.7313,-4.12559
-2.94694,-1.52902,-4.28639
-2.91965,-1.0626,-4.13102
-2.98779,-0.359106,-4.11774
-1.50961,0.126271,-3.87212
-0.42225,0.145872,-3.7565
0.529162,0.34888,-3.65973
0.396976,0.262792,-3.70518
0.405457,0.293132,-3.70365
-0.34224,-0.209365,-4.27905
-1.78915,0.0566405,-4.14413
-2.79021,0.237536,-4.16073
-1.2737,-0.000603781,-4.28841
-0.568614,0.238746,-4.31788
-0.416259,0.621527,-4.31601
-0.283897,0.862471,-4.32668
-0.215764,1.10318,-4.32683
-0.565582,1.5064,-4.27406
-1.09085,1.94691,-4.19993
-1.84977,2.50853,-4.08457
-2.79087,1.92136,-4.03152
7.11836,-2.61265,-0.299082
3.1949,-3.1952,-0.0712354
-1.24115,-0.758967,-0.881217
-3.27381,-0.438387,-1.14882
-3.30127,-0.0261375,-0.973699
-0.442383,1.26575,-0.523108
-1.82492,0.907222,-0.535428
-1.58074,1.29852,-0.533992
-0.627251,1.53185,-0.486824
0.462486,1.94727,-0.427688
1.48792,2.5381,-0.347604
2.50404,2.29285,-0.299668
-0.852979,0.423713,-0.281489
-1.87334,-0.26362,-0.189149
-2.38668,-0.760272,-0.153932
-1.13568,-1.78829,-0.305284
-0.741535,-1.97872,-0.32481
-1.40177,-1.5338,-0.279218
-0.0771996,-1.98594,-0.452018
-0.61438,-1.70034,-0.429951
-1.62305,-1.36814,-0.356815
-2.95469,-0.891031,-0.204607
-1.53165,-1.04357,-0.356255
-0.906883,-1.25553,-0.410457
-0.661298,0.120665,-0.684054
0.341194,-1.11908,-0.721372
1.09492,-1.8769,-0.685844
1.89983,-1.99954,-0.608175
2.59002,-1.93091,-0.501857
0.4212,-2.87448,-0.814774
0.89941,-1.06806,-0.78356
1.02737,-0.818963,-0.793925
1.52605,-0.400759,-0.726132
2.17707,0.0963192,-0.650182
2.26133,1.23003,-0.690011
-0.871163,-0.104351,-1.03593
-1.47085,1.73459,-1.04645
-3.34064,0.834467,-1.65401
-1.89737,0.872461,-1.85381
-1.10993,0.82332,-1.93692
-0.97295,0.827974,-1.94849
-1.33613,1.19157,-1.88557
-1.47231,1.35662,-1.92971
-1.6574,1.54827,-1.86423
-2.17916,1.93063,-1.76982
-2.39531,2.67082,-1.70536
-0.490968,1.47872,-2.00599
1.81408,0.0993843,-2.3344
3.65944,0.0981279,-2.97534
2.84389,0.115534,-2.72692
0.702378,-0.612166,-2.75037
-0.733992,-1.58312,-2.99444
-0.965667,-1.75361,-3.05078
-0.365625,-1.46399,-2.9389
-0.431907,-1.51617,-3.00367
-0.242993,-1.33825,-2.98798
0.0136678,-1.09003,-2.9585
0.154709,-0.98767,-2.94871
-0.00447329,-1.03628,-2.98621
-0.46506,-0.971922,-3.06707
-0.350313,0.491965,-3.07568
-0.740887,-0.893418,-3.2908
-1.43042,-1.02584,-3.41768
-2.02549,-1.24118,-3.42136
-0.78546,-1.62102,-3.57366
-1.15245,-0.851876,-3.54893
-1.37576,-0.68933,-3.69451
-1.63981,-0.457699,-3.60877
-2.10411,-0.258839,-3.54491
-1.05495,-0.149406,-3.63328
-0.428897,-0.192754,-3.6989
0.436279,-0.567057,-3.79894
0.590938,0.809781,-4.15671
1.46942,-0.223294,-4.09819
2.16304,-0.758211,-4.06093
0.983908,-1.52727,-4.17192
1.16576,-1.51395,-4.17709
1.55159,-1.38117,-4.15967
-0.158992,-1.81818,-4.42436
-0.104418,-1.4928,-4.42075
0.680232,-1.34137,-4.31751
1.48592,-0.94556,-4.20141
2.20982,-0.554167,-4.10693
2.02261,0.24435,-4.18974
-1.46376,-0.45279,-4.66749
-3.06449,-0.134584,-4.55606
-1.98073,-0.190819,-4.95612
-1.84018,-0.156166,-4.90623
-1.68526,-0.185934,-4.87343
-1.91844,-0.146257,-4.82476
-0.348422,-0.884407,-4.93452
-0.712511,-0.640985,-4.89571
-1.28083,-0.376251,-4.82143
-1.96997,-0.0140311,-4.75196
-2.80136,0.593596,-4.64844
-2.76609,1.24361,-4.62559
2.42234,-0.746463,-2.24144
1.97628,-1.40289,-2.17247
1.91394,-1.93286,-2.08781
1.78551,-2.23795,-2.03187
3.09365,-0.753541,-1.73589
0.78693,-0.506497,-1.93484
-0.37408,-0.431175,-1.88244
-0.397632,-0.0902753,-1.85011
-0.122985,0.159877,-1.79945
0.183308,0.451099,-1.73784
0.36167,0.670826,-1.70455
0.394932,1.19642,-1.69954
-0.353372,1.63922,-1.61284
-0.541534,0.87154,-1.79773
-0.848233,1.01364,-1.84567
-1.27852,1.10119,-1.8369
-1.54381,1.31297,-1.83516
-1.77628,1.44646,-1.82632
-0.578167,0.805566,-1.99622
-0.926209,1.03664,-1.96892
-1.60274,1.47642,-1.88538
-2.85763,2.32112,-1.69606
-3.85986,2.58848,-1.75495
-0.4284,0.135666,-1.74508
2.06179,-0.258276,-2.1727
2.13667,-2.20183,-2.13158
0.652731,-1.40084,-2.20078
0.368052,-1.31491,-2.18058
0.373586,-1.18814,-2.14431
0.626229,-0.913734,-2.07397
0.624009,-0.927493,-2.08571
0.311321,-1.08141,-2.12472
0.125192,-0.977994,-2.14696
-0.0237963,-0.987934,-2.16762
-0.193676,-0.996587,-2.19355
-0.367858,-1.01661,-2.22013
0.270978,0.419232,-2.12751
-0.0760331,-0.432036,-2.28012
-0.343911,-0.91273,-2.34365
-0.556873,-1.19881,-2.38965
-1.05986,-1.22852,-2.39219
-1.21782,-0.984134,-2.39485
0.108056,-1.41675,-2.59408
-0.200269,-1.12087,-2.58757
-0.920273,-0.890421,-2.52646
-1.85128,-0.451475,-2.43106
-2.88495,0.175329,-2.30541
-0.854534,-0.178374,-2.64821
0.674607,0.299517,-3.06482
1.19647,-0.643718,-3.00129
1.6578,-1.16573,-2.92087
1.87314,-1.40718,-2.87074
2.32112,-1.38125,-2.78213
1.24803,-1.62066,-2.9064
1.74178,-1.34359,-2.86138
1.84995,-1.17625,-2.84697
2.21831,-0.890076,-2.79922
1.04643,-1.11799,-3.02089
0.470426,-0.828232,-3.12553
0.0293193,-0.816586,-3.19742
-0.082483,0.690754,-3.25075
-0.758988,-0.668349,-3.44894
-1.50108,-1.15742,-3.52479
-2.50393,-1.20019,-3.53376
-1.32796,-1.57665,-3.69282
-1.59823,-1.05098,-3.68542
-1.79252,-0.928202,-3.83249
-2.31129,-0.653775,-3.73092
-1.88178,-0.0217836,-3.73226
-1.92552,0.368668,-3.71545
-1.45303,0.347552,-3.76368
-1.0529,0.293533,-3.81333
3.29141,-0.948103,-1.15522
1.71296,-0.526607,-1.35928
0.811334,-0.904849,-1.43007
-0.0169966,-1.55943,-1.51312
-0.731926,-2.07579,-1.60821
-1.05327,-0.927437,-1.61053
-0.348218,-0.358077,-1.52955
-0.0291491,-0.0056676,-1.47469
0.488996,0.397675,-1.39749
1.08704,0.856512,-1.3215
1.56511,1.71774,-1.28015
0.336565,0.773994,-1.43379
-0.804122,1.21533,-1.38508
-0.644579,0.927102,-1.52901
-0.623877,1.20515,-1.54241
-0.822284,1.3524,-1.55002
-0.876938,1.44585,-1.56003
-1.29511,1.79889,-1.50537
-0.0536596,1.12227,-1.67953
-0.0221345,1.12217,-1.70215
-0.603418,1.50064,-1.63199
-1.44997,2.04508,-1.50919
-2.95648,1.80748,-1.31789
-3.29624,2.19709,-1.32587
1.09489,-0.803133,2.05483
2.62744,-1.94095,3.12032
1.54566,-3.08561,3.05792
1.91388,-1.81844,3.18511
2.9339,-1.07367,3.34303
0.810401,-1.4921,3.09741
0.418935,-1.50583,3.04552
0.672719,-1.21855,3.09497
0.983606,-0.898749,3.14185
1.18928,-0.738341,3.16863
1.17142,-0.63967,3.16514
0.830146,-0.766951,3.11331
1.51764,0.846489,3.22621
0.397455,-0.208297,2.68379
0.580842,-0.252457,2.6184
0.461732,-0.137766,2.6134
0.0910031,0.163168,2.65276
0.0649046,0.202426,2.64631
0.0814848,0.165136,2.62526
0.154668,0.129077,2.60693
0.350501,-0.00245573,2.56487
0.710423,-0.224301,2.50359
1.46457,-0.692789,2.3905
1.56227,-0.707358,2.36128
1.11167,0.521046,1.92968
0.362277,0.832292,2.00817
0.809345,0.36388,1.98692
0.686363,-0.255202,1.93726
0.379999,-0.799972,1.87672
0.721983,-0.918397,1.9285
1.32087,-0.684383,1.98882
1.39009,-0.614514,2.00678
1.57447,-0.511116,2.03662
1.72485,-0.405945,2.0559
1.7787,-0.312473,2.05815
1.69162,0.0732756,2.03206
1.0436,0.636044,2.10808
1.09943,0.00789374,1.88177
1.00133,-0.0134022,1.79618
0.482047,0.199773,1.80129
-0.0928045,0.545477,1.84424
-0.109596,0.545945,1.82296
2.48973,-1.15756,1.44543
1.40165,-0.806215,1.42578
0.523891,-0.628557,1.42665
-0.0927136,-0.375456,1.45625
-0.641819,-0.064207,1.59337
-1.07223,0.118875,1.70275
-0.571888,0.635825,1.49153
-0.877343,-0.308856,1.50367
-1.295,-0.97938,1.45449
-1.3435,-1.15505,1.46032
-1.15808,-1.17507,1.502
-0.504523,-1.02737,1.59911
-1.33059,-1.07084,1.65308
-1.29428,-0.82973,1.68917
-1.14103,-0.685594,1.71871
-1.04319,-0.531777,1.74363
-1.09902,-0.467748,1.74531
-1.28867,-0.463759,1.72785
-0.66826,1.01565,1.90865
-1.15273,0.227931,1.77274
-1.62759,-0.121816,1.71545
-2.0732,-0.214375,1.69545
-0.605479,-0.439925,1.46663
0.15964,-0.556778,1.33649
0.56048,-0.461239,1.28008
1.03106,-0.590907,1.19195
1.16538,-0.450953,1.166
1.20166,-0.308881,1.14969
1.23153,-0.199005,1.14012
1.5808,-0.373612,1.0781
1.1924,0.926392,0.636275
-0.537865,0.311235,0.642065
-0.887996,-0.218251,0.528647
-0.517942,-0.717874,0.536525
0.210858,-0.745323,0.603088
1.01599,-0.585647,0.702783
-0.476013,-1.14798,0.553158
-0.066814,-0.882037,0.620801
0.600023,-0.65786,0.68955
1.25908,-0.299887,0.776458
1.8415,0.0429657,0.839379
2.16055,0.666521,0.848106
1.08655,1.51706,0.761381
-0.522713,0.336277,0.200156
-0.634739,0.208941,0.114098
-1.30734,0.400678,0.14441
-1.80597,0.661859,0.175312
-2.1502,0.758304,0.190343
1.30514,-0.871175,-0.361772
1.68722,-0.67403,-0.411788
1.65036,-0.386921,-0.402433
1.51492,-0.17619,-0.38602
1.4209,-0.0133437,-0.36988
1.61773,-0.116308,-0.397198
1.25423,1.07982,-0.773116
-0.36183,0.522314,-0.785674
-0.661135,0.0557365,-0.893659
-0.262691,-0.412518,-0.881447
0.527403,-0.386832,-0.805249
1.10216,-0.33241,-0.730031
0.539305,-0.371155,-0.679386
0.7179,-0.161717,-0.637779
0.936364,-0.0972221,-0.608455
1.00039,0.0746972,-0.579917
0.887756,0.0419668,-0.590866
0.560509,-0.0856536,-0.635219
1.29022,1.54608,-0.542987
1.24303,0.881375,-0.752153
1.22539,0.667941,-0.871106
0.822164,0.749069,-0.892886
0.281638,1.02081,-0.862896
-0.2725,1.34119,-0.811559
2.20263,-0.315106,-1.1849
1.00922,0.00597386,-1.15083
0.180005,0.138261,-1.12515
-0.386746,0.407071,-1.01957
-1.12659,0.760064,-0.886486
-1.73899,0.809559,-0.789778
-1.28767,1.36018,-0.967434
-1.46067,0.358917,-0.97892
-1.7781,-0.510684,-1.05838
-1.71636,-0.656062,-1.05796
-1.35278,-0.751844,-1.02781
-0.525937,-0.512003,-0.908546
-1.30784,-0.494007,-0.890087
-1.21192,-0.239663,-0.845478
-1.06918,-0.0910487,-0.818562
-0.949856,0.0523386,-0.794445
-1.15597,-0.106306,-0.815924
-1.31415,0.0532772,-0.82904
-0.665509,1.5509,-0.701529
-1.16067,0.775673,-0.837106
-1.64255,0.370221,-0.893029
-2.08879,0.25241,-0.911471
-0.646169,0.0875206,-1.13172
0.0666099,0.0210807,-1.25459
0.401604,0.154788,-1.30678
0.876975,0.0469202,-1.39177
1.06041,0.176589,-1.42319
1.22111,0.232726,-1.45997
1.3399,0.273337,-1.4812
1.3505,0.375115,-1.48231
1.86969,0.91664,-1.48945
0.925239,1.45238,-1.51824
1.18597,1.14431,-1.55935
0.955322,0.622621,-1.61139
0.550315,0.191398,-1.66417
0.68378,-0.0303174,-1.66086
0.868933,-0.0487971,-1.66886
1.1332,0.0960197,-1.62784
1.54146,0.339469,-1.57492
1.98834,0.675285,-1.51649
2.45229,1.36087,-1.48618
2.19909,1.6318,-1.53777
-0.956125,0.981548,-2.12607
-2.72906,1.33108,-2.02904
-2.27005,1.26939,-2.19682
-0.546564,0.892312,-2.46533
0.377579,0.60934,-2.61889
0.922925,0.418352,-2.71412
1.16695,0.393242,-2.65724
1.43036,0.268441,-2.71568
1.43926,0.423788,-2.72029
1.49785,0.461234,-2.74237
1.56132,0.45891,-2.75636
1.50285,0.556266,-2.74518
1.12816,1.77107,-3.14641
-0.530316,1.19163,-3.20629
-0.78555,0.643776,-3.3351
-0.294984,0.195166,-3.32389
0.603683,0.273563,-3.23859
0.936168,0.11865,-3.20333
0.471536,0.174332,-3.17941
0.719925,0.391556,-3.13336
1.05905,0.534095,-3.0906
1.30551,0.771177,-3.03855
1.49697,0.989196,-3.01022
1.54437,1.05486,-3.00654
0.992002,1.6579,-2.95523
1.08571,0.981999,-3.16445
1.01276,0.976281,-3.24031
0.488591,1.23038,-3.22531
-0.0982068,1.60998,-3.17461
-0.0789492,1.60317,-3.19848
2.50041,-0.0691984,-3.56817
1.43216,0.254724,-3.5056
0.525295,0.441022,-3.45722
-0.215498,0.772499,-3.35422
-1.08105,1.20773,-3.22447
-1.79868,1.35601,-3.12806
-1.38962,1.95355,-3.30444
-1.55208,0.896719,-3.32615
-1.83644,0.0116238,-3.40888
-1.70625,-0.12891,-3.40187
-1.29643,-0.186424,-3.36717
-0.489153,-0.0341728,-3.26654
-1.29071,0.0138015,-3.27401
-1.20127,0.256127,-3.23437
-1.02847,0.409266,-3.20539
-0.813345,0.598457,-3.1677
-0.836263,0.573376,-3.16412
-1.24249,0.412107,-3.21529
-0.667808,1.9913,-3.04521
-0.958364,0.982717,-3.27432
-1.41941,0.631183,-3.29728
-1.93011,0.58141,-3.29454
-2.29463,0.635289,-3.2859
-0.783363,0.514767,-3.48755
-0.194738,0.681786,-3.56518
0.428393,0.511706,-3.67347
0.753461,0.683094,-3.71378
0.939631,0.791943,-3.75104
1.11116,0.839035,-3.78081
1.50346,0.68931,-3.84153
1.16402,1.99938,-4.29556
-0.510913,1.51851,-4.45465
-0.781466,0.938045,-4.57641
-0.306246,0.504498,-4.56124
0.567354,0.572215,-4.47828
0.9221,0.44947,-4.43647
0.503122,0.512806,-4.43229
0.682302,0.682036,-4.39773
0.98207,0.798558,-4.35947
1.21384,1.05927,-4.31118
1.37514,1.19067,-4.28631
1.40209,1.27553,-4.28443
0.862791,1.89832,-4.23449
0.972303,1.30953,-4.43588
0.932177,1.31479,-4.51132
0.411329,1.58084,-4.48897
-0.195065,1.96737,-4.43112
-0.177813,1.94137,-4.45599
2.42951,0.251816,-4.83079
1.27844,0.662305,-4.72651
0.374296,0.812375,-4.67279
-0.364456,1.14958,-4.56829
-1.30444,1.59062,-4.42116
-2.26261,1.87503,-4.28546
-1.18647,2.69502,-4.66874
0.461833,1.01572,-4.06457
0.623356,0.672815,-4.00159
0.399469,0.0948717,-4.00686
0.0316428,-0.508952,-4.03703
-0.726524,-1.36009,-4.11938
-0.107959,-1.11658,-4.00158
0.0982134,-1.00341,-3.96538
0.269115,-0.897676,-3.93383
0.2018,-1.03616,-3.94698
0.155262,-0.933412,-3.95492
0.146415,-0.918062,-3.9659
0.91854,0.415834,-3.87274
0.629659,-0.554187,-4.08101
0.374643,-1.01968,-4.15345
-0.242923,-1.00365,-4.16473
-0.903543,-0.905823,-4.15261
-1.04902,-0.806777,-4.16459
0.452292,-1.3654,-4.34484
0.634583,-1.53,-4.37909
0.150053,-1.38186,-4.33233
-0.4137,-1.13247,-4.29327
-0.883284,-0.779347,-4.2581
-1.04976,-0.705903,-4.25381
-0.131707,-0.12477,-4.41599
-2.45612,-2.86301,-4.01429
0.982113,-2.01137,-3.88299
4.95328,-0.06362,-3.80365
7.22186,2.12973,-4.41536
2.38736,0.896106,-4.14667
0.538537,0.883262,-4.22901
-1.27169,0.387999,-4.29038
-3.08056,-0.279238,-4.37283
-2.2082,0.313378,-4.28176
-1.57697,-0.0259738,-4.24892
-0.703992,0.0215778,-4.18198
0.33311,1.70206,-4.15046
0.262662,0.74438,-4.23099
0.340137,0.0855977,-4.27483
-0.0581031,-0.0858912,-4.2767
-0.667492,-0.0322003,-4.26762
-0.668049,-0.0446221,-4.28176
0.87932,-0.482269,-4.36464
0.676527,-0.227902,-4.36618
-0.0801085,-0.012563,-4.32984
-0.912611,0.331219,-4.2913
-1.80809,0.889467,-4.23484
-2.4024,1.24012,-4.19487
1.09281,0.315025,-1.85685
0.200296,0.091351,-1.47691
0.627013,-0.60739,-1.46658
1.18769,-0.880311,-1.41654
1.95143,-0.691677,-1.33329
3.09559,-0.312108,-1.22444
0.269916,-1.04443,-1.4867
-0.357908,-0.758291,-1.51294
-0.111578,-0.558032,-1.48119
0.258525,-0.254544,-1.45702
0.41544,-0.0923418,-1.44328
0.301511,0.0149866,-1.45175
0.779227,1.62131,-1.38334
-0.560997,0.637164,-1.89806
-0.750017,0.779224,-1.90925
-1.13101,0.693983,-1.89851
-1.3162,0.579593,-1.90044
-1.33202,0.414878,-1.91122
-1.42454,0.197997,-1.92492
-1.55127,0.307021,-1.91986
-1.77792,0.430508,-1.90926
-2.15052,0.614788,-1.89205
-2.06443,1.14884,-1.87906
-1.55808,2.02839,-1.8871
2.30367,-0.714481,0.338877
1.86999,-1.04533,0.61864
1.97272,-1.49022,0.759011
1.80779,-1.93521,0.812527
1.45342,-2.36692,0.834733
1.93734,-1.0345,0.921254
2.70554,-0.542001,0.968116
1.70188,-0.274467,0.927672
1.2612,-0.31278,0.882379
1.0608,-0.0793138,0.859931
0.963837,0.0302297,0.848028
0.826475,0.0947461,0.835317
1.30183,1.66742,0.919716
-0.0155317,0.597505,0.381117
-0.155485,0.677331,0.359726
-0.656968,0.660706,0.380101
-0.953967,0.642266,0.388054
-1.0932,0.550084,0.383539
-1.25043,0.426822,0.378951
-1.36862,0.528559,0.383287
-4.42459,2.1602,1.45305
-3.52356,1.86448,2.4595
4.1041,2.34935,1.59474
17.3135,-2.98798,2.07439
26.3838,-7.83738,0.186393
19.6197,-10.7113,-1.36419
19.7151,-13.9945,-3.60282
22.8882,-16.2629,-10.4531
34.1965,-20.645,-14.7113
52.2558,-19.0668,-10.6433
65.8415,-14.5872,-8.08628
79.6176,-8.08484,-6.29128
97.3473,0.727338,-6.29148
118.53,-1.67391,-5.30819
144.321,-0.0226068,-4.62239
-177.567,-0.304153,-4.01588
-150.343,-0.53399,-3.84871
-140.507,-0.442204,-3.87556
-150.082,-5.2036,-0.635282
-170.149,-8.39389,0.513419
177.218,-6.06016,1.05374
174.822,-4.45698,0.990896
172.567,-3.03096,0.923289
170.52,-1.85958,0.856867
168.711,-0.887117,0.790218
-179.83,0.0336833,0.394791
-163.203,-1.98961,0.514154
-166.215,0.685525,-0.0356782
-169.921,0.252614,0.0136857
-171.23,-0.398711,0.105444
-170.844,-1.27412,0.221453
-170.278,-2.4851,0.326189
-171.326,-2.23838,0.169366
-171.778,-2.10796,0.126074
-171.861,-1.76863,0.0882049
-171.257,-1.22351,0.050071
-169.941,-0.505581,-0.0060069
-169.471,-0.247066,-0.0338953
-169.63,-0.243293,-0.0356611
-168.979,0.107418,-0.062365
-169.224,0.000515178,-0.0502377
-169.312,-0.0227504,-0.0483078
-173.081,-0.873619,-0.0745159
-175.143,-3.30866,-0.167048
-174.461,-3.7097,-0.0226809
-174.714,-3.68997,-0.0147817
-174.859,-3.67203,-0.00748514
-174.957,-3.70819,0.00142176
-175.009,-3.82957,0.0165961
-174.334,0.227403,-0.346109
-173.906,1.32474,-0.455111
-173.544,-0.216241,-0.29055
-172.008,-1.962,-0.0801033
-176.032,-0.71696,0.306154
178.465,-0.0466143,0.220918
-178.478,-0.75661,0.312171
-175.486,-1.65507,0.441451
-172.825,-0.578126,0.353702
-170.642,0.0708289,0.275672
-168.4,-0.407512,0.305785
-169.018,-0.160577,0.278098
-169.184,-0.115221,0.27192
-169.3,-0.0716311,0.267003
-169.349,-0.0563161,0.265277
-169.393,-0.0479034,0.264319
-169.422,-0.0429795,0.263838
-173.128,-0.847769,0.23736
-175.185,-3.26869,0.151371
-174.427,-3.66005,0.300798
-174.696,-3.6088,0.304827
-174.856,-3.55106,0.307449
-174.943,-3.60213,0.318849
-177.748,-2.8972,0.0753832
179.773,-1.39908,-0.69319
179.147,-0.732494,-0.918809
178.228,-0.307978,-1.24577
178.155,-0.229287,-1.27468
178.015,-0.170118,-1.28822
177.851,-0.115211,-1.29759
179.587,-0.216297,-1.29267
-179.053,-0.49999,-1.25418
